,sentence1,sentence2,score,label,label_name,emoji_list
1470,low supply,[EM]down arrow[EM]chart decreasing[EM],1.0,0,emoji_annotations_text,"[':down_arrow:', ':chart_decreasing:']"
1136,full auditorium,[EM]hundred points[EM]studio microphone[EM],1.0,0,emoji_annotations_text,"[':hundred_points:', ':studio_microphone:']"
376,dark shadow,[EM]black circle[EM]ninja[EM],1.0,0,emoji_annotations_text,"[':black_circle:', ':ninja:']"
597,short holiday,[EM]woman getting haircut[EM]automobile[EM],1.0,0,emoji_annotations_text,"[':woman_getting_haircut:', ':automobile:']"
499,right hand,[EM]check mark button[EM]raised back of hand[EM],1.0,0,emoji_annotations_text,"[':check_mark_button:', ':raised_back_of_hand:']"
1231,little house,[EM]houses[EM],1.0,0,emoji_annotations_text,[':houses:']
3017,delicate negotiation,[EM]bookmark tabs[EM]memo[EM],1.0,0,emoji_annotations_text,"[':bookmark_tabs:', ':memo:']"
1411,cozy nook,[EM]brown heart[EM]raccoon[EM],1.0,0,emoji_annotations_text,"[':brown_heart:', ':raccoon:']"
225,hot merchandise,[EM]fire[EM]shopping bags[EM],1.0,0,emoji_annotations_text,"[':fire:', ':shopping_bags:']"
2533,cool reception,[EM]COOL button[EM]mobile phone with arrow[EM],1.0,0,emoji_annotations_text,"[':COOL_button:', ':mobile_phone_with_arrow:']"
2776,constant pain,[EM]nauseated face[EM]broken heart[EM],1.0,0,emoji_annotations_text,"[':nauseated_face:', ':broken_heart:']"
1283,ample waistline,[EM]shorts[EM],1.0,0,emoji_annotations_text,[':shorts:']
1638,critical element,[EM]police car light[EM]flashlight[EM],1.0,0,emoji_annotations_text,"[':police_car_light:', ':flashlight:']"
1860,wrong information,[EM]pensive face[EM],1.0,0,emoji_annotations_text,[':pensive_face:']
2394,high temperature,[EM]thermometer[EM]fire[EM]hot face[EM],1.0,0,emoji_annotations_text,"[':thermometer:', ':fire:', ':hot_face:']"
3098,sound explanation,[EM]musical note[EM],1.0,0,emoji_annotations_text,[':musical_note:']
243,hot temper,[EM]thermometer[EM]pouting face[EM],1.0,0,emoji_annotations_text,"[':thermometer:', ':pouting_face:']"
224,hot merchandise,[EM]chart increasing with yen[EM]dollar banknote[EM]shopping cart[EM],1.0,0,emoji_annotations_text,"[':chart_increasing_with_yen:', ':dollar_banknote:', ':shopping_cart:']"
1199,little boy,[EM]baby[EM]boy[EM],1.0,0,emoji_annotations_text,"[':baby:', ':boy:']"
2360,high building,[EM]office building[EM],1.0,0,emoji_annotations_text,[':office_building:']
111,big tipper,[EM]money with wings[EM]receipt[EM]heart suit[EM],1.0,0,emoji_annotations_text,"[':money_with_wings:', ':receipt:', ':heart_suit:']"
1543,low price,[EM]dollar banknote[EM]chart decreasing[EM],1.0,0,emoji_annotations_text,"[':dollar_banknote:', ':chart_decreasing:']"
2303,high price,[EM]money with wings[EM]money with wings[EM],1.0,0,emoji_annotations_text,"[':money_with_wings:', ':money_with_wings:']"
1706,thin air,[EM]pinching hand[EM]wind face[EM],1.0,0,emoji_annotations_text,"[':pinching_hand:', ':wind_face:']"
2141,clear water,[EM]magnifying glass tilted right[EM]droplet[EM],1.0,0,emoji_annotations_text,"[':magnifying_glass_tilted_right:', ':droplet:']"
2179,unclear action,[EM]cross mark[EM],1.0,0,emoji_annotations_text,[':cross_mark:']
204,hot topic,[EM]woman and man holding hands[EM]woman and man holding hands[EM]hot springs[EM]speech balloon[EM]speech balloon[EM],1.0,0,emoji_annotations_text,"[':woman_and_man_holding_hands:', ':woman_and_man_holding_hands:', ':hot_springs:', ':speech_balloon:', ':speech_balloon:']"
1640,critical element,[EM]mechanical arm[EM],1.0,0,emoji_annotations_text,[':mechanical_arm:']
906,dirty money,[EM]smiling face with horns[EM]money bag[EM]money bag[EM],1.0,0,emoji_annotations_text,"[':smiling_face_with_horns:', ':money_bag:', ':money_bag:']"
594,short holiday,[EM]hourglass done[EM]partying face[EM],1.0,0,emoji_annotations_text,"[':hourglass_done:', ':partying_face:']"
1705,thin air,[EM]wavy dash[EM]fog[EM],1.0,0,emoji_annotations_text,"[':wavy_dash:', ':fog:']"
91,big city,[EM]cityscape[EM]cityscape[EM]bullet train[EM]airplane[EM]oncoming automobile[EM],1.0,0,emoji_annotations_text,"[':cityscape:', ':cityscape:', ':bullet_train:', ':airplane:', ':oncoming_automobile:']"
841,dirty job,[EM]speak-no-evil monkey[EM]handbag[EM],1.0,0,emoji_annotations_text,"[':speak-no-evil_monkey:', ':handbag:']"
394,dark day,[EM]black circle[EM]sunset[EM],1.0,0,emoji_annotations_text,"[':black_circle:', ':sunset:']"
192,hot stove,[EM]fire[EM]shallow pan of food[EM],1.0,0,emoji_annotations_text,"[':fire:', ':shallow_pan_of_food:']"
4,big business,[EM]office building[EM]woman technologist[EM]man technologist[EM]chart increasing[EM]chart decreasing[EM],1.0,0,emoji_annotations_text,"[':office_building:', ':woman_technologist:', ':man_technologist:', ':chart_increasing:', ':chart_decreasing:']"
2976,exotic cuisine,[EM]thinking face[EM],1.0,0,emoji_annotations_text,[':thinking_face:']
2358,high building,[EM]up-right arrow[EM]office building[EM],1.0,0,emoji_annotations_text,"[':up-right_arrow:', ':office_building:']"
2564,cool breeze,[EM]wind face[EM],1.0,0,emoji_annotations_text,[':wind_face:']
580,right thing,[EM]check mark button[EM]clipboard[EM],1.0,0,emoji_annotations_text,"[':check_mark_button:', ':clipboard:']"
2566,cool breeze,[EM]wind face[EM],1.0,0,emoji_annotations_text,[':wind_face:']
1133,full auditorium,[EM]woman student[EM]student[EM]man student[EM]student[EM]woman student[EM]student[EM]man student[EM]student[EM]student[EM]man student[EM]student[EM]woman student[EM]student[EM]man student[EM],1.0,0,emoji_annotations_text,"[':woman_student:', ':student:', ':man_student:', ':student:', ':woman_student:', ':student:', ':man_student:', ':student:', ':student:', ':man_student:', ':student:', ':woman_student:', ':student:', ':man_student:']"
2304,high price,[EM]up-right arrow[EM]heavy dollar sign[EM],1.0,0,emoji_annotations_text,"[':up-right_arrow:', ':heavy_dollar_sign:']"
2003,warm personality,[EM]sun[EM]person in suit levitating light skin tone[EM],1.0,0,emoji_annotations_text,"[':sun:', ':person_in_suit_levitating_light_skin_tone:']"
2605,inadequate staff,[EM]pinching hand[EM]office worker[EM],1.0,0,emoji_annotations_text,"[':pinching_hand:', ':office_worker:']"
707,short month,[EM]pinching hand[EM]tear-off calendar[EM],1.0,0,emoji_annotations_text,"[':pinching_hand:', ':tear-off_calendar:']"
817,average merit,[EM]bust in silhouette[EM]thought balloon[EM]backhand index pointing right[EM]books[EM],1.0,0,emoji_annotations_text,"[':bust_in_silhouette:', ':thought_balloon:', ':backhand_index_pointing_right:', ':books:']"
2050,clear air,[EM]dashing away[EM]thumbs up light skin tone[EM],1.0,0,emoji_annotations_text,"[':dashing_away:', ':thumbs_up_light_skin_tone:']"
738,short life,[EM]pinching hand[EM]heart with ribbon[EM],1.0,0,emoji_annotations_text,"[':pinching_hand:', ':heart_with_ribbon:']"
284,hot forehead,[EM]hot springs[EM]face with head-bandage[EM],1.0,0,emoji_annotations_text,"[':hot_springs:', ':face_with_head-bandage:']"
232,hot merchandise,[EM]money bag[EM]Japanese acceptable button[EM],1.0,0,emoji_annotations_text,"[':money_bag:', ':Japanese_acceptable_button:']"
2698,ineffectual ruler,[EM]person gesturing NO[EM]ballot box with ballot[EM],1.0,0,emoji_annotations_text,"[':person_gesturing_NO:', ':ballot_box_with_ballot:']"
1454,low sun,[EM]smiling face with sunglasses[EM],1.0,0,emoji_annotations_text,[':smiling_face_with_sunglasses:']
1819,wrong cheating,[EM]anger symbol[EM]stop sign[EM],1.0,0,emoji_annotations_text,"[':anger_symbol:', ':stop_sign:']"
1732,thick soup,[EM]shallow pan of food[EM],1.0,0,emoji_annotations_text,[':shallow_pan_of_food:']
95,big city,[EM]dollar banknote[EM]dollar banknote[EM]cityscape[EM]sparkler[EM]ambulance[EM]automobile[EM]horizontal traffic light[EM],1.0,0,emoji_annotations_text,"[':dollar_banknote:', ':dollar_banknote:', ':cityscape:', ':sparkler:', ':ambulance:', ':automobile:', ':horizontal_traffic_light:']"
1902,warm support,[EM]flexed biceps light skin tone[EM]flexed biceps light skin tone[EM]flexed biceps light skin tone[EM]flexed biceps light skin tone[EM]flexed biceps light skin tone[EM],1.0,0,emoji_annotations_text,"[':flexed_biceps_light_skin_tone:', ':flexed_biceps_light_skin_tone:', ':flexed_biceps_light_skin_tone:', ':flexed_biceps_light_skin_tone:', ':flexed_biceps_light_skin_tone:']"
854,dirty foot,[EM]nauseated face[EM]foot light skin tone[EM],1.0,0,emoji_annotations_text,"[':nauseated_face:', ':foot_light_skin_tone:']"
3001,delicate wing,[EM]broken heart[EM]airplane[EM],1.0,0,emoji_annotations_text,"[':broken_heart:', ':airplane:']"
268,hot argument,[EM]face with steam from nose[EM]middle finger[EM]anger symbol[EM]speaking head[EM],1.0,0,emoji_annotations_text,"[':face_with_steam_from_nose:', ':middle_finger:', ':anger_symbol:', ':speaking_head:']"
1196,little boy,[EM]person in suit levitating light skin tone[EM],1.0,0,emoji_annotations_text,[':person_in_suit_levitating_light_skin_tone:']
1694,thin soup,[EM]pinching hand[EM]bowl with spoon[EM],1.0,0,emoji_annotations_text,"[':pinching_hand:', ':bowl_with_spoon:']"
1003,common sailor,[EM]man pilot[EM]woman pilot[EM],1.0,0,emoji_annotations_text,"[':man_pilot:', ':woman_pilot:']"
2124,clear glass,[EM]OK hand light skin tone[EM],1.0,0,emoji_annotations_text,[':OK_hand_light_skin_tone:']
756,far journey,[EM]luggage[EM]airplane[EM],1.0,0,emoji_annotations_text,"[':luggage:', ':airplane:']"
37,big voice,[EM]speech balloon[EM]speaker high volume[EM],1.0,0,emoji_annotations_text,"[':speech_balloon:', ':speaker_high_volume:']"
1788,wrong paper,[EM]woman gesturing NO[EM]bookmark tabs[EM],1.0,0,emoji_annotations_text,"[':woman_gesturing_NO:', ':bookmark_tabs:']"
62,big group,[EM]people holding hands[EM]woman and man holding hands[EM]women holding hands[EM]men holding hands[EM],1.0,0,emoji_annotations_text,"[':people_holding_hands:', ':woman_and_man_holding_hands:', ':women_holding_hands:', ':men_holding_hands:']"
2711,ineffectual therapy,[EM]person gesturing NO[EM]person getting massage[EM],1.0,0,emoji_annotations_text,"[':person_gesturing_NO:', ':person_getting_massage:']"
2762,constant lover,[EM]revolving hearts[EM]infinity[EM],1.0,0,emoji_annotations_text,"[':revolving_hearts:', ':infinity:']"
1031,common man,[EM]boy[EM]man tipping hand[EM],1.0,0,emoji_annotations_text,"[':boy:', ':man_tipping_hand:']"
1335,dull mood,[EM]yawning face[EM]neutral face[EM],1.0,0,emoji_annotations_text,"[':yawning_face:', ':neutral_face:']"
1988,warm coat,[EM]coat[EM],1.0,0,emoji_annotations_text,[':coat:']
2751,intelligent solution,[EM]hundred points[EM]speech balloon[EM],1.0,0,emoji_annotations_text,"[':hundred_points:', ':speech_balloon:']"
3096,sound explanation,[EM]ear with hearing aid[EM]woman teacher[EM],1.0,0,emoji_annotations_text,"[':ear_with_hearing_aid:', ':woman_teacher:']"
74,big man,[EM]man technologist light skin tone[EM],1.0,0,emoji_annotations_text,[':man_technologist_light_skin_tone:']
341,bright dress,[EM]hundred points[EM]hundred points[EM],1.0,0,emoji_annotations_text,"[':hundred_points:', ':hundred_points:']"
526,right decision,[EM]check box with check[EM]check mark button[EM],1.0,0,emoji_annotations_text,"[':check_box_with_check:', ':check_mark_button:']"
2802,internal sense,[EM]brain[EM]right anger bubble[EM],1.0,0,emoji_annotations_text,"[':brain:', ':right_anger_bubble:']"
2278,deep sleep,[EM]sleeping face[EM]zzz[EM],1.0,0,emoji_annotations_text,"[':sleeping_face:', ':zzz:']"
2578,inadequate income,[EM]money with wings[EM]downcast face with sweat[EM],1.0,0,emoji_annotations_text,"[':money_with_wings:', ':downcast_face_with_sweat:']"
1233,little house,[EM]house with garden[EM],1.0,0,emoji_annotations_text,[':house_with_garden:']
289,hot forehead,[EM]fire[EM]face with thermometer[EM],1.0,0,emoji_annotations_text,"[':fire:', ':face_with_thermometer:']"
1652,immediate reply,[EM]double exclamation mark[EM]double exclamation mark[EM]double exclamation mark[EM],1.0,0,emoji_annotations_text,"[':double_exclamation_mark:', ':double_exclamation_mark:', ':double_exclamation_mark:']"
1721,thin line,[EM]pinching hand[EM]straight ruler[EM],1.0,0,emoji_annotations_text,"[':pinching_hand:', ':straight_ruler:']"
657,short supply,[EM]pinching hand[EM]articulated lorry[EM],1.0,0,emoji_annotations_text,"[':pinching_hand:', ':articulated_lorry:']"
1612,critical temperature,[EM]thermometer[EM]hot face[EM]cold face[EM]face with thermometer[EM],1.0,0,emoji_annotations_text,"[':thermometer:', ':hot_face:', ':cold_face:', ':face_with_thermometer:']"
1789,wrong paper,[EM]cross mark[EM]page facing up[EM],1.0,0,emoji_annotations_text,"[':cross_mark:', ':page_facing_up:']"
2055,clear air,[EM]dashing away[EM],1.0,0,emoji_annotations_text,[':dashing_away:']
1439,low hill,[EM]cold face[EM],1.0,0,emoji_annotations_text,[':cold_face:']
2548,cool room,[EM]COOL button[EM]men’s room[EM],1.0,0,emoji_annotations_text,"[':COOL_button:', ':men’s_room:']"
1919,warm greeting,[EM]waving hand light skin tone[EM]waving hand light skin tone[EM],1.0,0,emoji_annotations_text,"[':waving_hand_light_skin_tone:', ':waving_hand_light_skin_tone:']"
26,big expenditure,[EM]money with wings[EM]money with wings[EM]shopping cart[EM],1.0,0,emoji_annotations_text,"[':money_with_wings:', ':money_with_wings:', ':shopping_cart:']"
244,hot temper,[EM]hot springs[EM]anger symbol[EM]face with symbols on mouth[EM],1.0,0,emoji_annotations_text,"[':hot_springs:', ':anger_symbol:', ':face_with_symbols_on_mouth:']"
766,far side,[EM]airplane departure[EM]building construction[EM],1.0,0,emoji_annotations_text,"[':airplane_departure:', ':building_construction:']"
554,right man,[EM]man[EM]check mark button[EM],1.0,0,emoji_annotations_text,"[':man:', ':check_mark_button:']"
2277,deep sleep,[EM]sleeping face[EM]drooling face[EM],1.0,0,emoji_annotations_text,"[':sleeping_face:', ':drooling_face:']"
3072,fresh lettuce,[EM]leafy green[EM],1.0,0,emoji_annotations_text,[':leafy_green:']
378,dark shadow,[EM]hole[EM],1.0,0,emoji_annotations_text,[':hole:']
223,hot merchandise,[EM]thermometer[EM]shopping bags[EM],1.0,0,emoji_annotations_text,"[':thermometer:', ':shopping_bags:']"
3137,sound advice,[EM]radio[EM],1.0,0,emoji_annotations_text,[':radio:']
2104,clear explanation,[EM]mouth[EM]thumbs up light skin tone[EM]sparkles[EM],1.0,0,emoji_annotations_text,"[':mouth:', ':thumbs_up_light_skin_tone:', ':sparkles:']"
1546,low price,[EM]down arrow[EM]heavy dollar sign[EM],1.0,0,emoji_annotations_text,"[':down_arrow:', ':heavy_dollar_sign:']"
357,bright room,[EM]flashlight[EM]light bulb[EM]house[EM],1.0,0,emoji_annotations_text,"[':flashlight:', ':light_bulb:', ':house:']"
693,short flight,[EM]pinching hand[EM]one o’clock[EM]airplane[EM],1.0,0,emoji_annotations_text,"[':pinching_hand:', ':one_o’clock:', ':airplane:']"
2593,inadequate training,[EM]pile of poo[EM]flexed biceps[EM],1.0,0,emoji_annotations_text,"[':pile_of_poo:', ':flexed_biceps:']"
2447,high opinion,[EM]brain[EM],1.0,0,emoji_annotations_text,[':brain:']
2486,high point,[EM]chart increasing[EM],1.0,0,emoji_annotations_text,[':chart_increasing:']
2339,high hope,[EM]flexed biceps[EM]flexed biceps[EM],1.0,0,emoji_annotations_text,"[':flexed_biceps:', ':flexed_biceps:']"
2671,domestic chore,[EM]bank[EM]broom[EM],1.0,0,emoji_annotations_text,"[':bank:', ':broom:']"
2262,deep concentration,[EM]open book[EM]open book[EM]open book[EM],1.0,0,emoji_annotations_text,"[':open_book:', ':open_book:', ':open_book:']"
1297,puzzling statement,[EM]red question mark[EM],1.0,0,emoji_annotations_text,[':red_question_mark:']
909,dirty money,[EM]smiling face with horns[EM]dollar banknote[EM]money bag[EM],1.0,0,emoji_annotations_text,"[':smiling_face_with_horns:', ':dollar_banknote:', ':money_bag:']"
90,big city,[EM]cityscape[EM],1.0,0,emoji_annotations_text,[':cityscape:']
1211,little man,[EM]man[EM]pinching hand[EM],1.0,0,emoji_annotations_text,"[':man:', ':pinching_hand:']"
292,hot forehead,[EM]face with spiral eyes[EM]collision[EM],1.0,0,emoji_annotations_text,"[':face_with_spiral_eyes:', ':collision:']"
2868,dry greeting,[EM]sun[EM]person raising hand[EM],1.0,0,emoji_annotations_text,"[':sun:', ':person_raising_hand:']"
326,bright sun,[EM]sun[EM],1.0,0,emoji_annotations_text,[':sun:']
25,big expenditure,[EM]money with wings[EM]money with wings[EM]money with wings[EM],1.0,0,emoji_annotations_text,"[':money_with_wings:', ':money_with_wings:', ':money_with_wings:']"
1282,ample waistline,[EM]woman standing[EM]smiling face with heart-eyes[EM]smiling face with heart-eyes[EM],1.0,0,emoji_annotations_text,"[':woman_standing:', ':smiling_face_with_heart-eyes:', ':smiling_face_with_heart-eyes:']"
93,big city,[EM]cityscape[EM]stadium[EM]building construction[EM]department store[EM]bank[EM]church[EM]mosque[EM]synagogue[EM]classical building[EM]foggy[EM],1.0,0,emoji_annotations_text,"[':cityscape:', ':stadium:', ':building_construction:', ':department_store:', ':bank:', ':church:', ':mosque:', ':synagogue:', ':classical_building:', ':foggy:']"
379,dark shadow,[EM]new moon[EM],1.0,0,emoji_annotations_text,[':new_moon:']
1362,dull sky,[EM]sun behind rain cloud[EM],1.0,0,emoji_annotations_text,[':sun_behind_rain_cloud:']
1286,ample waistline,[EM]woman dancing[EM]people with bunny ears[EM],1.0,0,emoji_annotations_text,"[':woman_dancing:', ':people_with_bunny_ears:']"
2790,internal organ,[EM]microscope[EM],1.0,0,emoji_annotations_text,[':microscope:']
2222,deep cut,[EM]kitchen knife[EM]anxious face with sweat[EM],1.0,0,emoji_annotations_text,"[':kitchen_knife:', ':anxious_face_with_sweat:']"
2340,high hope,[EM]up-right arrow[EM]glowing star[EM],1.0,0,emoji_annotations_text,"[':up-right_arrow:', ':glowing_star:']"
1215,little man,[EM]person in suit levitating[EM],1.0,0,emoji_annotations_text,[':person_in_suit_levitating:']
642,short smokestack,[EM]house[EM]cloud[EM],1.0,0,emoji_annotations_text,"[':house:', ':cloud:']"
2465,high river,[EM]foggy[EM],1.0,0,emoji_annotations_text,[':foggy:']
2724,intelligent question,[EM]nerd face[EM]red question mark[EM],1.0,0,emoji_annotations_text,"[':nerd_face:', ':red_question_mark:']"
2223,deep cut,[EM]woman getting haircut[EM],1.0,0,emoji_annotations_text,[':woman_getting_haircut:']
468,dark purpose,[EM]ogre[EM]smiling face with horns[EM],1.0,0,emoji_annotations_text,"[':ogre:', ':smiling_face_with_horns:']"
44,big voice,[EM]speaker high volume[EM]loudspeaker[EM],1.0,0,emoji_annotations_text,"[':speaker_high_volume:', ':loudspeaker:']"
2685,domestic animal,[EM]house[EM]dog face[EM]grinning cat[EM],1.0,0,emoji_annotations_text,"[':house:', ':dog_face:', ':grinning_cat:']"
2989,delicate china,[EM]China[EM],1.0,0,emoji_annotations_text,[':China:']
1118,full game,[EM]thumbs up[EM]video game[EM],1.0,0,emoji_annotations_text,"[':thumbs_up:', ':video_game:']"
3033,delicate flavor,[EM]star-struck[EM]thumbs up[EM],1.0,0,emoji_annotations_text,"[':star-struck:', ':thumbs_up:']"
883,dirty slum,[EM]angry face with horns[EM]clown face[EM],1.0,0,emoji_annotations_text,"[':angry_face_with_horns:', ':clown_face:']"
483,right bank,[EM]backhand index pointing right[EM]water wave[EM],1.0,0,emoji_annotations_text,"[':backhand_index_pointing_right:', ':water_wave:']"
73,big man,[EM]man curly hair[EM]person lifting weights[EM]flexed biceps[EM],1.0,0,emoji_annotations_text,"[':man_curly_hair:', ':person_lifting_weights:', ':flexed_biceps:']"
1746,thick smoke,[EM]fog[EM]fire[EM]fog[EM]fire[EM]fog[EM],1.0,0,emoji_annotations_text,"[':fog:', ':fire:', ':fog:', ':fire:', ':fog:']"
1961,warm body,[EM]sun with face[EM]woman and man holding hands[EM],1.0,0,emoji_annotations_text,"[':sun_with_face:', ':woman_and_man_holding_hands:']"
3082,fresh air,[EM]wind face[EM]leaf fluttering in wind[EM],1.0,0,emoji_annotations_text,"[':wind_face:', ':leaf_fluttering_in_wind:']"
920,dirty overall,[EM]fly[EM]dna[EM],1.0,0,emoji_annotations_text,"[':fly:', ':dna:']"
1195,little boy,[EM]boy[EM],1.0,0,emoji_annotations_text,[':boy:']
3083,fresh air,[EM]wind face[EM],1.0,0,emoji_annotations_text,[':wind_face:']
1791,wrong paper,[EM]face screaming in fear[EM],1.0,0,emoji_annotations_text,[':face_screaming_in_fear:']
59,big group,[EM]family man man boy[EM],1.0,0,emoji_annotations_text,[':family_man_man_boy:']
2410,high ceiling,[EM]astonished face[EM]up arrow[EM],1.0,0,emoji_annotations_text,"[':astonished_face:', ':up_arrow:']"
2501,cool drink,[EM]COOL button[EM]cup with straw[EM],1.0,0,emoji_annotations_text,"[':COOL_button:', ':cup_with_straw:']"
393,dark day,[EM]cross mark[EM]tear-off calendar[EM],1.0,0,emoji_annotations_text,"[':cross_mark:', ':tear-off_calendar:']"
2867,dry greeting,[EM]speaking head[EM]zipper-mouth face[EM],1.0,0,emoji_annotations_text,"[':speaking_head:', ':zipper-mouth_face:']"
2893,effective step,[EM]ladder[EM]chart increasing[EM]bar chart[EM],1.0,0,emoji_annotations_text,"[':ladder:', ':chart_increasing:', ':bar_chart:']"
1265,ample supply,[EM]money bag[EM]money bag[EM]money bag[EM],1.0,0,emoji_annotations_text,"[':money_bag:', ':money_bag:', ':money_bag:']"
2321,high forehead,[EM]nerd face[EM],1.0,0,emoji_annotations_text,[':nerd_face:']
3084,fresh air,[EM]leaf fluttering in wind[EM],1.0,0,emoji_annotations_text,[':leaf_fluttering_in_wind:']
2814,internal mechanism,[EM]sport utility vehicle[EM]pick[EM],1.0,0,emoji_annotations_text,"[':sport_utility_vehicle:', ':pick:']"
2103,clear explanation,[EM]teacher[EM]light bulb[EM],1.0,0,emoji_annotations_text,"[':teacher:', ':light_bulb:']"
1469,low supply,[EM]sad but relieved face[EM],1.0,0,emoji_annotations_text,[':sad_but_relieved_face:']
304,bright future,[EM]bright button[EM]telescope[EM],1.0,0,emoji_annotations_text,"[':bright_button:', ':telescope:']"
1775,thick fog,[EM]fog[EM]face with medical mask[EM],1.0,0,emoji_annotations_text,"[':fog:', ':face_with_medical_mask:']"
2945,foreign nation,[EM]passport control[EM],1.0,0,emoji_annotations_text,[':passport_control:']
306,bright future,[EM]smiling face[EM]sunrise over mountains[EM],1.0,0,emoji_annotations_text,"[':smiling_face:', ':sunrise_over_mountains:']"
2157,clear-cut evidence,[EM]kitchen knife[EM]drop of blood[EM]magnifying glass tilted left[EM],1.0,0,emoji_annotations_text,"[':kitchen_knife:', ':drop_of_blood:', ':magnifying_glass_tilted_left:']"
1845,wrong medicine,[EM]cross mark[EM]pill[EM],1.0,0,emoji_annotations_text,"[':cross_mark:', ':pill:']"
2469,high river,[EM]up arrow[EM]water wave[EM],1.0,0,emoji_annotations_text,"[':up_arrow:', ':water_wave:']"
287,hot forehead,[EM]sneezing face[EM]face with thermometer[EM]pill[EM]face with head-bandage[EM],1.0,0,emoji_annotations_text,"[':sneezing_face:', ':face_with_thermometer:', ':pill:', ':face_with_head-bandage:']"
2323,high forehead,[EM]woman getting massage light skin tone[EM],1.0,0,emoji_annotations_text,[':woman_getting_massage_light_skin_tone:']
2392,high temperature,[EM]thermometer[EM]fire[EM]sun with face[EM],1.0,0,emoji_annotations_text,"[':thermometer:', ':fire:', ':sun_with_face:']"
2580,inadequate income,[EM]money bag[EM],1.0,0,emoji_annotations_text,[':money_bag:']
210,hot topic,[EM]heart on fire[EM],1.0,0,emoji_annotations_text,[':heart_on_fire:']
469,dark purpose,[EM]black heart[EM]bomb[EM],1.0,0,emoji_annotations_text,"[':black_heart:', ':bomb:']"
2342,high hope,[EM]smiling face with halo[EM]crossed fingers[EM],1.0,0,emoji_annotations_text,"[':smiling_face_with_halo:', ':crossed_fingers:']"
2236,deep voice,[EM]face without mouth[EM],1.0,0,emoji_annotations_text,[':face_without_mouth:']
193,hot stove,[EM]fire[EM],1.0,0,emoji_annotations_text,[':fire:']
1075,heavy metal,[EM]balance scale[EM]hammer and wrench[EM],1.0,0,emoji_annotations_text,"[':balance_scale:', ':hammer_and_wrench:']"
1073,heavy metal,[EM]warning[EM]wrench[EM]face with crossed-out eyes[EM],1.0,0,emoji_annotations_text,"[':warning:', ':wrench:', ':face_with_crossed-out_eyes:']"
2565,cool breeze,[EM]snowflake[EM]thermometer[EM],1.0,0,emoji_annotations_text,"[':snowflake:', ':thermometer:']"
1486,low cloud,[EM]down arrow[EM]foggy[EM],1.0,0,emoji_annotations_text,"[':down_arrow:', ':foggy:']"
2673,domestic chore,[EM]broom[EM]sponge[EM]lotion bottle[EM]soap[EM],1.0,0,emoji_annotations_text,"[':broom:', ':sponge:', ':lotion_bottle:', ':soap:']"
1749,thick smoke,[EM]hand with fingers splayed[EM]cigarette[EM],1.0,0,emoji_annotations_text,"[':hand_with_fingers_splayed:', ':cigarette:']"
227,hot merchandise,[EM]fire[EM]money-mouth face[EM]purse[EM]money with wings[EM]shopping bags[EM]shopping cart[EM],1.0,0,emoji_annotations_text,"[':fire:', ':money-mouth_face:', ':purse:', ':money_with_wings:', ':shopping_bags:', ':shopping_cart:']"
107,big tipper,[EM]clinking glasses[EM]money with wings[EM]money with wings[EM],1.0,0,emoji_annotations_text,"[':clinking_glasses:', ':money_with_wings:', ':money_with_wings:']"
286,hot forehead,[EM]thermometer[EM]hot face[EM],1.0,0,emoji_annotations_text,"[':thermometer:', ':hot_face:']"
1017,common housefly,[EM]mosquito[EM]ant[EM],1.0,0,emoji_annotations_text,"[':mosquito:', ':ant:']"
3108,sound approach,[EM]thumbs up[EM]face with monocle[EM],1.0,0,emoji_annotations_text,"[':thumbs_up:', ':face_with_monocle:']"
417,dark glass,[EM]new moon[EM],1.0,0,emoji_annotations_text,[':new_moon:']
2949,foreign nation,[EM]cowboy hat face[EM]chequered flag[EM],1.0,0,emoji_annotations_text,"[':cowboy_hat_face:', ':chequered_flag:']"
1708,thin air,[EM]pinching hand[EM]wind face[EM],1.0,0,emoji_annotations_text,"[':pinching_hand:', ':wind_face:']"
2841,dry land,[EM]cactus[EM]mount fuji[EM],1.0,0,emoji_annotations_text,"[':cactus:', ':mount_fuji:']"
2606,inadequate staff,[EM]downcast face with sweat[EM]office worker[EM],1.0,0,emoji_annotations_text,"[':downcast_face_with_sweat:', ':office_worker:']"
8,big business,[EM]money bag[EM]money bag[EM]necktie[EM],1.0,0,emoji_annotations_text,"[':money_bag:', ':money_bag:', ':necktie:']"
303,bright future,[EM]clapping hands[EM]crystal ball[EM]motorway[EM],1.0,0,emoji_annotations_text,"[':clapping_hands:', ':crystal_ball:', ':motorway:']"
72,big man,[EM]sun with face[EM]man beard[EM],1.0,0,emoji_annotations_text,"[':sun_with_face:', ':man_beard:']"
1151,full attention,[EM]nerd face[EM]hundred points[EM],1.0,0,emoji_annotations_text,"[':nerd_face:', ':hundred_points:']"
1692,thin soup,[EM]pinching hand[EM]bowl with spoon[EM],1.0,0,emoji_annotations_text,"[':pinching_hand:', ':bowl_with_spoon:']"
552,right man,[EM]thumbs up[EM]boy[EM],1.0,0,emoji_annotations_text,"[':thumbs_up:', ':boy:']"
706,short month,[EM]keycap 2[EM]spiral calendar[EM],1.0,0,emoji_annotations_text,"[':keycap_2:', ':spiral_calendar:']"
2551,cool room,[EM]snowflake[EM],1.0,0,emoji_annotations_text,[':snowflake:']
2322,high forehead,[EM]up-right arrow[EM]person facepalming[EM],1.0,0,emoji_annotations_text,"[':up-right_arrow:', ':person_facepalming:']"
1441,low hill,[EM]down arrow[EM]national park[EM],1.0,0,emoji_annotations_text,"[':down_arrow:', ':national_park:']"
1601,critical stage,[EM]smiling cat with heart-eyes[EM],1.0,0,emoji_annotations_text,[':smiling_cat_with_heart-eyes:']
2430,high risk,[EM]up-right arrow[EM]face screaming in fear[EM],1.0,0,emoji_annotations_text,"[':up-right_arrow:', ':face_screaming_in_fear:']"
2466,high river,[EM]up-right arrow[EM]national park[EM],1.0,0,emoji_annotations_text,"[':up-right_arrow:', ':national_park:']"
2432,high risk,[EM]warning[EM]warning[EM]warning[EM],1.0,0,emoji_annotations_text,"[':warning:', ':warning:', ':warning:']"
570,right road,[EM]check mark button[EM]motorway[EM],1.0,0,emoji_annotations_text,"[':check_mark_button:', ':motorway:']"
1560,low furniture,[EM]down arrow[EM]chair[EM],1.0,0,emoji_annotations_text,"[':down_arrow:', ':chair:']"
689,short flight,[EM]hourglass done[EM]airplane arrival[EM],1.0,0,emoji_annotations_text,"[':hourglass_done:', ':airplane_arrival:']"
1058,common brand,[EM]bubble tea[EM]cup with straw[EM],1.0,0,emoji_annotations_text,"[':bubble_tea:', ':cup_with_straw:']"
285,hot forehead,[EM]face with thermometer[EM],1.0,0,emoji_annotations_text,[':face_with_thermometer:']
2977,exotic cuisine,[EM]star-struck[EM]fork and knife with plate[EM],1.0,0,emoji_annotations_text,"[':star-struck:', ':fork_and_knife_with_plate:']"
2037,clear indication,[EM]eye[EM],1.0,0,emoji_annotations_text,[':eye:']
1663,immediate influence,[EM]alarm clock[EM]astonished face[EM]astonished face[EM],1.0,0,emoji_annotations_text,"[':alarm_clock:', ':astonished_face:', ':astonished_face:']"
3109,sound approach,[EM]studio microphone[EM]ear with hearing aid[EM],1.0,0,emoji_annotations_text,"[':studio_microphone:', ':ear_with_hearing_aid:']"
2935,foreign accent,[EM]cowboy hat face[EM]shushing face[EM],1.0,0,emoji_annotations_text,"[':cowboy_hat_face:', ':shushing_face:']"
1375,dull silver,[EM]waxing crescent moon[EM]white large square[EM],1.0,0,emoji_annotations_text,"[':waxing_crescent_moon:', ':white_large_square:']"
2712,ineffectual therapy,[EM]man health worker[EM]speech balloon[EM]loudly crying face[EM]kitchen knife[EM]drop of blood[EM],1.0,0,emoji_annotations_text,"[':man_health_worker:', ':speech_balloon:', ':loudly_crying_face:', ':kitchen_knife:', ':drop_of_blood:']"
1232,little house,[EM]house with garden[EM],1.0,0,emoji_annotations_text,[':house_with_garden:']
2144,clear water,[EM]sweat droplets[EM]droplet[EM],1.0,0,emoji_annotations_text,"[':sweat_droplets:', ':droplet:']"
1859,wrong information,[EM]cross mark[EM]information[EM],1.0,0,emoji_annotations_text,"[':cross_mark:', ':information:']"
2791,internal organ,[EM]brain[EM]anatomical heart[EM]lungs[EM],1.0,0,emoji_annotations_text,"[':brain:', ':anatomical_heart:', ':lungs:']"
273,hot argument,[EM]collision[EM]collision[EM]collision[EM],1.0,0,emoji_annotations_text,"[':collision:', ':collision:', ':collision:']"
272,hot argument,[EM]face with symbols on mouth[EM]face with symbols on mouth[EM],1.0,0,emoji_annotations_text,"[':face_with_symbols_on_mouth:', ':face_with_symbols_on_mouth:']"
2468,high river,[EM]national park[EM],1.0,0,emoji_annotations_text,[':national_park:']
829,average size,[EM]left-right arrow[EM]white small square[EM]white medium-small square[EM]white medium square[EM],1.0,0,emoji_annotations_text,"[':left-right_arrow:', ':white_small_square:', ':white_medium-small_square:', ':white_medium_square:']"
2534,cool reception,[EM]smiling face with sunglasses[EM]busts in silhouette[EM]woman technologist[EM],1.0,0,emoji_annotations_text,"[':smiling_face_with_sunglasses:', ':busts_in_silhouette:', ':woman_technologist:']"
2921,effective entrance,[EM]hundred points[EM]door[EM],1.0,0,emoji_annotations_text,"[':hundred_points:', ':door:']"
1718,thin line,[EM]wavy dash[EM],1.0,0,emoji_annotations_text,[':wavy_dash:']
2018,clear complexion,[EM]smiling face with hearts[EM]smiling face with smiling eyes[EM],1.0,0,emoji_annotations_text,"[':smiling_face_with_hearts:', ':smiling_face_with_smiling_eyes:']"
832,average size,[EM]magnifying glass tilted left[EM]magnifying glass tilted left[EM]straight ruler[EM]straight ruler[EM]triangular ruler[EM]triangular ruler[EM],1.0,0,emoji_annotations_text,"[':magnifying_glass_tilted_left:', ':magnifying_glass_tilted_left:', ':straight_ruler:', ':straight_ruler:', ':triangular_ruler:', ':triangular_ruler:']"
2523,cool relation,[EM]COOL button[EM]pancakes[EM],0.5,1,baseline_text,"[':COOL_button:', ':pancakes:']"
1019,common housefly,[EM]face with thermometer[EM]dove[EM],0.5,1,baseline_text,"[':face_with_thermometer:', ':dove:']"
758,far journey,[EM]dashing away[EM]left luggage[EM],0.5,1,baseline_text,"[':dashing_away:', ':left_luggage:']"
2092,clear idea,[EM]rainbow[EM]light bulb[EM],0.5,1,baseline_text,"[':rainbow:', ':light_bulb:']"
694,short flight,[EM]tram car[EM]airplane[EM],0.5,1,baseline_text,"[':tram_car:', ':airplane:']"
1876,wrong assumption,[EM]hollow red circle[EM]thinking face[EM],0.5,1,baseline_text,"[':hollow_red_circle:', ':thinking_face:']"
436,dark undercurrent,[EM]new moon[EM]information[EM],0.5,1,baseline_text,"[':new_moon:', ':information:']"
2434,high risk,[EM]high voltage[EM]radioactive[EM],0.5,1,baseline_text,"[':high_voltage:', ':radioactive:']"
2362,high building,[EM]high voltage[EM]office building[EM],0.5,1,baseline_text,"[':high_voltage:', ':office_building:']"
1288,ample waistline,[EM]running shirt[EM],0.5,1,baseline_text,[':running_shirt:']
678,short money,[EM]tram car[EM]money bag[EM],0.5,1,baseline_text,"[':tram_car:', ':money_bag:']"
2714,ineffectual therapy,[EM]mouse face[EM]woman health worker medium-dark skin tone[EM],0.5,1,baseline_text,"[':mouse_face:', ':woman_health_worker_medium-dark_skin_tone:']"
794,far country,[EM]dashing away[EM]map of Japan[EM],0.5,1,baseline_text,"[':dashing_away:', ':map_of_Japan:']"
1472,low supply,[EM]speaker low volume[EM]electric plug[EM],0.5,1,baseline_text,"[':speaker_low_volume:', ':electric_plug:']"
2488,high point,[EM]high voltage[EM]index pointing up[EM],0.5,1,baseline_text,"[':high_voltage:', ':index_pointing_up:']"
742,short life,[EM]tram[EM]pensive face[EM],0.5,1,baseline_text,"[':tram:', ':pensive_face:']"
2226,deep cut,[EM]thinking face[EM]scissors[EM],0.5,1,baseline_text,"[':thinking_face:', ':scissors:']"
63,big group,[EM]grinning face[EM]reminder ribbon[EM],0.5,1,baseline_text,"[':grinning_face:', ':reminder_ribbon:']"
1628,critical shortage,[EM]unamused face[EM],0.5,1,baseline_text,[':unamused_face:']
871,dirty dish,[EM]factory[EM]satellite antenna[EM],0.5,1,baseline_text,"[':factory:', ':satellite_antenna:']"
2020,clear complexion,[EM]rainbow[EM]artist palette[EM],0.5,1,baseline_text,"[':rainbow:', ':artist_palette:']"
2883,dry climate,[EM]cloud with rain[EM]fish[EM],0.5,1,baseline_text,"[':cloud_with_rain:', ':fish:']"
2538,cool reception,[EM]COOL button[EM]bellhop bell[EM],0.5,1,baseline_text,"[':COOL_button:', ':bellhop_bell:']"
2950,foreign nation,[EM]sneezing face[EM]Mauritius[EM],0.5,1,baseline_text,"[':sneezing_face:', ':Mauritius:']"
820,average merit,[EM]unamused face[EM]trophy[EM],0.5,1,baseline_text,"[':unamused_face:', ':trophy:']"
1271,ample supply,[EM]electric plug[EM],0.5,1,baseline_text,[':electric_plug:']
599,short holiday,[EM]tram[EM]menorah[EM],0.5,1,baseline_text,"[':tram:', ':menorah:']"
134,big day,[EM]grinning face[EM]bouquet[EM],0.5,1,baseline_text,"[':grinning_face:', ':bouquet:']"
1695,thin soup,[EM]cocktail glass[EM]spoon[EM],0.5,1,baseline_text,"[':cocktail_glass:', ':spoon:']"
1428,cozy room,[EM]house with garden[EM]women’s room[EM],0.5,1,baseline_text,"[':house_with_garden:', ':women’s_room:']"
1324,remarkable sight,[EM]eyes[EM],0.5,1,baseline_text,[':eyes:']
2831,dry paint,[EM]cloud with rain[EM]artist palette[EM],0.5,1,baseline_text,"[':cloud_with_rain:', ':artist_palette:']"
2896,effective step,[EM]ambulance[EM]motor scooter[EM],0.5,1,baseline_text,"[':ambulance:', ':motor_scooter:']"
1402,dull glow,[EM]nerd face[EM]glowing star[EM],0.5,1,baseline_text,"[':nerd_face:', ':glowing_star:']"
154,hot doll,[EM]hot pepper[EM]Japanese dolls[EM],0.5,1,baseline_text,"[':hot_pepper:', ':Japanese_dolls:']"
254,hot temper,[EM]hot springs[EM]face with thermometer[EM],0.5,1,baseline_text,"[':hot_springs:', ':face_with_thermometer:']"
949,common procedure,[EM]face with thermometer[EM]chains[EM],0.5,1,baseline_text,"[':face_with_thermometer:', ':chains:']"
2766,constant lover,[EM]O button (blood type)[EM]red heart[EM],0.5,1,baseline_text,"[':O_button_(blood_type):', ':red_heart:']"
1990,warm coat,[EM]hot springs[EM]coat[EM],0.5,1,baseline_text,"[':hot_springs:', ':coat:']"
328,bright sun,[EM]bright button[EM]sun[EM],0.5,1,baseline_text,"[':bright_button:', ':sun:']"
2568,cool breeze,[EM]COOL button[EM]leaf fluttering in wind[EM],0.5,1,baseline_text,"[':COOL_button:', ':leaf_fluttering_in_wind:']"
1137,full auditorium,[EM]full moon[EM]person bouncing ball[EM],0.5,1,baseline_text,"[':full_moon:', ':person_bouncing_ball:']"
28,big expenditure,[EM]grinning face[EM]person in suit levitating[EM],0.1,2,semineg_text,"[':grinning_face:', ':person_in_suit_levitating:']"
3064,fresh scent,[EM]speaker high volume[EM]ghost[EM],0.1,2,semineg_text,"[':speaker_high_volume:', ':ghost:']"
1405,dull glow,[EM]nerd face[EM]cityscape at dusk[EM],0.1,2,semineg_text,"[':nerd_face:', ':cityscape_at_dusk:']"
2603,inadequate training,[EM]thermometer[EM]medical symbol[EM],0.1,2,semineg_text,"[':thermometer:', ':medical_symbol:']"
773,far side,[EM]OK button[EM]people wrestling[EM],0.1,2,semineg_text,"[':OK_button:', ':people_wrestling:']"
1620,critical temperature,[EM]unamused face[EM]radio button[EM],0.1,2,semineg_text,"[':unamused_face:', ':radio_button:']"
1534,low reservoir,[EM]speaker low volume[EM]sun[EM],0.1,2,semineg_text,"[':speaker_low_volume:', ':sun:']"
719,short month,[EM]tram[EM]pensive face[EM],0.1,2,semineg_text,"[':tram:', ':pensive_face:']"
2256,deep emotion,[EM]thinking face[EM]scissors[EM],0.1,2,semineg_text,"[':thinking_face:', ':scissors:']"
1954,warm room,[EM]hot springs[EM]coat[EM],0.1,2,semineg_text,"[':hot_springs:', ':coat:']"
2443,high risk,[EM][EM],0.1,2,semineg_text,[]
2386,high mountain,[EM]high voltage[EM]office building[EM],0.1,2,semineg_text,"[':high_voltage:', ':office_building:']"
600,short holiday,[EM]tram[EM]shallow pan of food[EM],0.1,2,semineg_text,"[':tram:', ':shallow_pan_of_food:']"
2205,deep trance,[EM]thinking face[EM]face screaming in fear[EM],0.1,2,semineg_text,"[':thinking_face:', ':face_screaming_in_fear:']"
2495,high point,[EM]high voltage[EM]office building[EM],0.1,2,semineg_text,"[':high_voltage:', ':office_building:']"
808,average people,[EM]dashing away[EM]left luggage[EM],0.1,2,semineg_text,"[':dashing_away:', ':left_luggage:']"
2354,high hope,[EM]high voltage[EM]index pointing up[EM],0.1,2,semineg_text,"[':high_voltage:', ':index_pointing_up:']"
888,dirty slum,[EM]factory[EM]flexed biceps[EM],0.1,2,semineg_text,"[':factory:', ':flexed_biceps:']"
368,bright room,[EM]new moon[EM]person in suit levitating[EM],0.1,2,semineg_text,"[':new_moon:', ':person_in_suit_levitating:']"
1093,heavy load,[EM]check mark[EM]anchor[EM],0.1,2,semineg_text,"[':check_mark:', ':anchor:']"
2848,dry land,[EM]cloud with rain[EM]fish[EM],0.1,2,semineg_text,"[':cloud_with_rain:', ':fish:']"
546,right answer,[EM]down-right arrow[EM]raised back of hand[EM],0.1,2,semineg_text,"[':down-right_arrow:', ':raised_back_of_hand:']"
2390,high mountain,[EM]high voltage[EM]index pointing up[EM],0.1,2,semineg_text,"[':high_voltage:', ':index_pointing_up:']"
2995,delicate china,[EM]sneezing face[EM]cityscape[EM],0.1,2,semineg_text,"[':sneezing_face:', ':cityscape:']"
938,dirty fighter,[EM]factory[EM]footprints[EM],0.1,2,semineg_text,"[':factory:', ':footprints:']"
1099,heavy load,[EM]full moon[EM]pensive face[EM],0.1,2,semineg_text,"[':full_moon:', ':pensive_face:']"
2558,cool room,[EM]disappointed face[EM]BACK arrow[EM],0.1,2,semineg_text,"[':disappointed_face:', ':BACK_arrow:']"
533,right decision,[EM]right arrow[EM]person raising hand[EM],0.1,2,semineg_text,"[':right_arrow:', ':person_raising_hand:']"
2217,deep sigh,[EM]thinking face[EM]frowning face with open mouth[EM],0.1,2,semineg_text,"[':thinking_face:', ':frowning_face_with_open_mouth:']"
535,right decision,[EM]backhand index pointing right[EM]motorway[EM],0.1,2,semineg_text,"[':backhand_index_pointing_right:', ':motorway:']"
2716,ineffectual therapy,[EM]rose[EM]play or pause button[EM],0.1,2,semineg_text,"[':rose:', ':play_or_pause_button:']"
2746,intelligent life,[EM]door[EM]upside-down face[EM],0.1,2,semineg_text,"[':door:', ':upside-down_face:']"
505,right hand,[EM]right arrow[EM]person raising hand[EM],0.1,2,semineg_text,"[':right_arrow:', ':person_raising_hand:']"
1822,wrong cheating,[EM]hollow red circle[EM]motorway[EM],0.1,2,semineg_text,"[':hollow_red_circle:', ':motorway:']"
217,hot topic,[EM]hot pepper[EM]cook[EM],0.1,2,semineg_text,"[':hot_pepper:', ':cook:']"
383,dark shadow,[EM]bright button[EM]crystal ball[EM],0.1,2,semineg_text,"[':bright_button:', ':crystal_ball:']"
1682,thin oil,[EM]cocktail glass[EM]spoon[EM],0.1,2,semineg_text,"[':cocktail_glass:', ':spoon:']"
2062,clear air,[EM]rainbow[EM]glass of milk[EM],0.1,2,semineg_text,"[':rainbow:', ':glass_of_milk:']"
2665,domestic happiness,[EM]water buffalo[EM]worried face[EM],0.1,2,semineg_text,"[':water_buffalo:', ':worried_face:']"
1409,dull glow,[EM]house with garden[EM]women’s room[EM],0.1,2,semineg_text,"[':house_with_garden:', ':women’s_room:']"
2458,high opinion,[EM]high voltage[EM]thermometer[EM],0.1,2,semineg_text,"[':high_voltage:', ':thermometer:']"
1155,full attention,[EM]check mark[EM]fog[EM],0.1,2,semineg_text,"[':check_mark:', ':fog:']"
2075,clear case,[EM]rainbow[EM]artist palette[EM],0.1,2,semineg_text,"[':rainbow:', ':artist_palette:']"
350,bright dress,[EM]new moon[EM]person in suit levitating[EM],0.1,2,semineg_text,"[':new_moon:', ':person_in_suit_levitating:']"
2368,high building,[EM]high voltage[EM]office building[EM],0.1,2,semineg_text,"[':high_voltage:', ':office_building:']"
1921,warm greeting,[EM]tropical fish[EM]reminder ribbon[EM],0.1,2,semineg_text,"[':tropical_fish:', ':reminder_ribbon:']"
3092,fresh air,[EM]speaker high volume[EM]wastebasket[EM],0.1,2,semineg_text,"[':speaker_high_volume:', ':wastebasket:']"
1698,thin soup,[EM]cocktail glass[EM]left-right arrow[EM],0.1,2,semineg_text,"[':cocktail_glass:', ':left-right_arrow:']"
876,dirty dish,[EM]factory[EM]money-mouth face[EM],0.1,2,semineg_text,"[':factory:', ':money-mouth_face:']"
797,far country,[EM]dashing away[EM]snow-capped mountain[EM],0.1,2,semineg_text,"[':dashing_away:', ':snow-capped_mountain:']"
1053,common parlance,[EM]face with thermometer[EM]dove[EM],0.1,2,semineg_text,"[':face_with_thermometer:', ':dove:']"
2885,dry climate,[EM]cloud with rain[EM]tractor[EM],0.1,2,semineg_text,"[':cloud_with_rain:', ':tractor:']"
1050,common parlance,[EM]face with thermometer[EM]tractor[EM],0.1,2,semineg_text,"[':face_with_thermometer:', ':tractor:']"
2812,internal sense,[EM]door[EM]timer clock[EM],0.1,2,semineg_text,"[':door:', ':timer_clock:']"
751,short life,[EM]tram[EM]closed book[EM],0.1,2,semineg_text,"[':tram:', ':closed_book:']"
2807,internal sense,[EM]dolphin[EM]pensive face[EM],0.1,2,semineg_text,"[':dolphin:', ':pensive_face:']"
836,average size,[EM]dashing away[EM]snow-capped mountain[EM],0.1,2,semineg_text,"[':dashing_away:', ':snow-capped_mountain:']"
10,big business,[EM]grinning face[EM]sad but relieved face[EM],0.1,2,semineg_text,"[':grinning_face:', ':sad_but_relieved_face:']"
2148,clear water,[EM]rainbow[EM]FREE button[EM],0.1,2,semineg_text,"[':rainbow:', ':FREE_button:']"
783,far trek,[EM]dashing away[EM]left luggage[EM],0.1,2,semineg_text,"[':dashing_away:', ':left_luggage:']"
1838,wrong way,[EM]hollow red circle[EM]hospital[EM],0.1,2,semineg_text,"[':hollow_red_circle:', ':hospital:']"
1710,thin air,[EM]cocktail glass[EM]oil drum[EM],0.1,2,semineg_text,"[':cocktail_glass:', ':oil_drum:']"
2980,exotic cuisine,[EM]sneezing face[EM]Mauritius[EM],0.1,2,semineg_text,"[':sneezing_face:', ':Mauritius:']"
997,common nuisance,[EM]face with thermometer[EM]man[EM],0.1,2,semineg_text,"[':face_with_thermometer:', ':man:']"
2717,ineffectual therapy,[EM]water buffalo[EM]worried face[EM],0.1,2,semineg_text,"[':water_buffalo:', ':worried_face:']"
156,hot doll,[EM]hot pepper[EM]cook[EM],0.1,2,semineg_text,"[':hot_pepper:', ':cook:']"
1351,dull play,[EM]nerd face[EM]crying face[EM],0.1,2,semineg_text,"[':nerd_face:', ':crying_face:']"
2820,internal mechanism,[EM]dolphin[EM]pensive face[EM],0.1,2,semineg_text,"[':dolphin:', ':pensive_face:']"
2254,deep emotion,[EM]thinking face[EM]selfie light skin tone[EM],0.1,2,semineg_text,"[':thinking_face:', ':selfie_light_skin_tone:']"
1378,dull silver,[EM]nerd face[EM]play button[EM],0.1,2,semineg_text,"[':nerd_face:', ':play_button:']"
425,dark glass,[EM]new moon[EM]information[EM],0.1,2,semineg_text,"[':new_moon:', ':information:']"
954,common procedure,[EM]face with thermometer[EM]dove[EM],0.1,2,semineg_text,"[':face_with_thermometer:', ':dove:']"
333,bright sun,[EM]new moon[EM]calendar[EM],0.1,2,semineg_text,"[':new_moon:', ':calendar:']"
102,big city,[EM]grinning face[EM]reminder ribbon[EM],0.1,2,semineg_text,"[':grinning_face:', ':reminder_ribbon:']"
1098,heavy load,[EM]full moon[EM]glass of milk[EM],0.1,2,semineg_text,"[':full_moon:', ':glass_of_milk:']"
1767,thick cream,[EM]cocktail glass[EM]spoon[EM],0.1,2,semineg_text,"[':cocktail_glass:', ':spoon:']"
1491,low cloud,[EM]speaker low volume[EM]office building[EM],0.1,2,semineg_text,"[':speaker_low_volume:', ':office_building:']"
241,hot merchandise,[EM]fire[EM]anxious face with sweat[EM],0.1,2,semineg_text,"[':fire:', ':anxious_face_with_sweat:']"
3051,fresh bread,[EM]speaker high volume[EM]ghost[EM],0.1,2,semineg_text,"[':speaker_high_volume:', ':ghost:']"
443,dark undercurrent,[EM]new moon[EM]wine glass[EM],0.1,2,semineg_text,"[':new_moon:', ':wine_glass:']"
1799,wrong paper,[EM]hollow red circle[EM]thinking face[EM],0.1,2,semineg_text,"[':hollow_red_circle:', ':thinking_face:']"
2172,clear-cut evidence,[EM]rainbow[EM]water buffalo[EM],0.1,2,semineg_text,"[':rainbow:', ':water_buffalo:']"
2555,cool room,[EM]COOL button[EM]pancakes[EM],0.1,2,semineg_text,"[':COOL_button:', ':pancakes:']"
3079,fresh lettuce,[EM]speaker high volume[EM]wastebasket[EM],0.1,2,semineg_text,"[':speaker_high_volume:', ':wastebasket:']"
1039,common man,[EM]face with thermometer[EM]dove[EM],0.1,2,semineg_text,"[':face_with_thermometer:', ':dove:']"
735,short story,[EM]tram[EM]pensive face[EM],0.1,2,semineg_text,"[':tram:', ':pensive_face:']"
81,big man,[EM]grinning face[EM]person in suit levitating[EM],0.1,2,semineg_text,"[':grinning_face:', ':person_in_suit_levitating:']"
3139,sound advice,[EM]woman tipping hand[EM]bread[EM],0.1,2,semineg_text,"[':woman_tipping_hand:', ':bread:']"
2874,dry greeting,[EM]cloud with rain[EM]fish[EM],0.1,2,semineg_text,"[':cloud_with_rain:', ':fish:']"
1940,warm debate,[EM]hot springs[EM]coat[EM],0.1,2,semineg_text,"[':hot_springs:', ':coat:']"
422,dark glass,[EM]bright button[EM]women’s room[EM],0.1,2,semineg_text,"[':bright_button:', ':women’s_room:']"
1877,wrong assumption,[EM]hollow red circle[EM]scroll[EM],0.1,2,semineg_text,"[':hollow_red_circle:', ':scroll:']"
1025,common housefly,[EM]face with thermometer[EM]man[EM],0.1,2,semineg_text,"[':face_with_thermometer:', ':man:']"
1955,warm room,[EM]hot springs[EM]ID button[EM],0.1,2,semineg_text,"[':hot_springs:', ':ID_button:']"
2116,clear explanation,[EM]rainbow[EM]glass of milk[EM],0.1,2,semineg_text,"[':rainbow:', ':glass_of_milk:']"
1225,little man,[EM]eyes[EM],0.1,2,semineg_text,[':eyes:']
1563,low furniture,[EM]speaker low volume[EM]foggy[EM],0.1,2,semineg_text,"[':speaker_low_volume:', ':foggy:']"
1383,dull silver,[EM]house with garden[EM]women’s room[EM],0.1,2,semineg_text,"[':house_with_garden:', ':women’s_room:']"
548,right answer,[EM]up-right arrow[EM]man[EM],0.1,2,semineg_text,"[':up-right_arrow:', ':man:']"
1524,low bow,[EM]speaker low volume[EM]label[EM],0.1,2,semineg_text,"[':speaker_low_volume:', ':label:']"
2611,inadequate staff,[EM]COOL button[EM]tropical drink[EM],0.1,2,semineg_text,"[':COOL_button:', ':tropical_drink:']"
2613,inadequate staff,[EM]COOL button[EM]bellhop bell[EM],0.1,2,semineg_text,"[':COOL_button:', ':bellhop_bell:']"
1922,warm greeting,[EM]desert[EM]expressionless face[EM],0.1,2,semineg_text,"[':desert:', ':expressionless_face:']"
298,hot forehead,[EM]hot springs[EM]person shrugging[EM],0.1,2,semineg_text,"[':hot_springs:', ':person_shrugging:']"
1184,full life,[EM]check mark[EM]credit card[EM],0.1,2,semineg_text,"[':check_mark:', ':credit_card:']"
1827,wrong cheating,[EM]hollow red circle[EM]mantelpiece clock[EM],0.1,2,semineg_text,"[':hollow_red_circle:', ':mantelpiece_clock:']"
1949,warm room,[EM]tropical fish[EM]reminder ribbon[EM],0.1,2,semineg_text,"[':tropical_fish:', ':reminder_ribbon:']"
2150,clear water,[EM]rainbow[EM]computer disk[EM],0.1,2,semineg_text,"[':rainbow:', ':computer_disk:']"
2475,high river,[EM]high voltage[EM]mountain[EM],0.1,2,semineg_text,"[':high_voltage:', ':mountain:']"
1821,wrong cheating,[EM]hollow red circle[EM]scroll[EM],0.1,2,semineg_text,"[':hollow_red_circle:', ':scroll:']"
2682,domestic chore,[EM]mouse face[EM]woman health worker medium-dark skin tone[EM],0.1,2,semineg_text,"[':mouse_face:', ':woman_health_worker_medium-dark_skin_tone:']"
1753,thick smoke,[EM]cocktail glass[EM]spoon[EM],0.1,2,semineg_text,"[':cocktail_glass:', ':spoon:']"
1533,low reservoir,[EM]speaker low volume[EM]foggy[EM],0.1,2,semineg_text,"[':speaker_low_volume:', ':foggy:']"
1495,low cloud,[EM]speaker low volume[EM]couch and lamp[EM],0.1,2,semineg_text,"[':speaker_low_volume:', ':couch_and_lamp:']"
964,common knowledge,[EM]face with thermometer[EM]chains[EM],0.1,2,semineg_text,"[':face_with_thermometer:', ':chains:']"
606,short holiday,[EM]tram[EM]calendar[EM],0.1,2,semineg_text,"[':tram:', ':calendar:']"
200,hot stove,[EM]hot springs[EM]oncoming fist[EM],0.1,2,semineg_text,"[':hot_springs:', ':oncoming_fist:']"
942,dirty fighter,[EM]factory[EM]money-mouth face[EM],0.1,2,semineg_text,"[':factory:', ':money-mouth_face:']"
851,dirty job,[EM]factory[EM]hospital[EM],0.1,2,semineg_text,"[':factory:', ':hospital:']"
438,dark undercurrent,[EM]bright button[EM]sun[EM],0.1,2,semineg_text,"[':bright_button:', ':sun:']"
2135,clear glass,[EM]rainbow[EM]water buffalo[EM],0.1,2,semineg_text,"[':rainbow:', ':water_buffalo:']"
2771,constant lover,[EM]door[EM]face with rolling eyes[EM],0.1,2,semineg_text,"[':door:', ':face_with_rolling_eyes:']"
2257,deep emotion,[EM]thinking face[EM]microphone[EM],0.1,2,semineg_text,"[':thinking_face:', ':microphone:']"
2937,foreign accent,[EM]sneezing face[EM]Mauritius[EM],0.1,2,semineg_text,"[':sneezing_face:', ':Mauritius:']"
1255,ample food,[EM]call me hand[EM]boy[EM],0.1,2,semineg_text,"[':call_me_hand:', ':boy:']"
160,hot doll,[EM]hot springs[EM]oncoming fist[EM],0.1,2,semineg_text,"[':hot_springs:', ':oncoming_fist:']"
1796,wrong paper,[EM]hollow red circle[EM]milky way[EM],0.1,2,semineg_text,"[':hollow_red_circle:', ':milky_way:']"
2389,high mountain,[EM][EM],0.1,2,semineg_text,[]
2957,foreign nation,[EM]fireworks[EM]shaved ice[EM],0.1,2,semineg_text,"[':fireworks:', ':shaved_ice:']"
634,short hair,[EM]aerial tramway[EM]factory[EM],0.1,2,semineg_text,"[':aerial_tramway:', ':factory:']"
100,big city,[EM]grinning face[EM]sad but relieved face[EM],0.1,2,semineg_text,"[':grinning_face:', ':sad_but_relieved_face:']"
1394,dull day,[EM]nerd face[EM]glowing star[EM],0.1,2,semineg_text,"[':nerd_face:', ':glowing_star:']"
2858,dry critique,[EM]cloud with rain[EM]artist palette[EM],0.1,2,semineg_text,"[':cloud_with_rain:', ':artist_palette:']"
2327,high forehead,[EM]high voltage[EM]bookmark[EM],0.1,2,semineg_text,"[':high_voltage:', ':bookmark:']"
2007,warm personality,[EM]desert[EM]expressionless face[EM],0.1,2,semineg_text,"[':desert:', ':expressionless_face:']"
1537,low reservoir,[EM]speaker low volume[EM]office building[EM],0.1,2,semineg_text,"[':speaker_low_volume:', ':office_building:']"
461,dark corner,[EM]new moon[EM]information[EM],0.1,2,semineg_text,"[':new_moon:', ':information:']"
1891,wrong time,[EM]hollow red circle[EM]scroll[EM],0.1,2,semineg_text,"[':hollow_red_circle:', ':scroll:']"
966,common knowledge,[EM]face with thermometer[EM]face with head-bandage[EM],0.1,2,semineg_text,"[':face_with_thermometer:', ':face_with_head-bandage:']"
1419,cozy nook,[EM]nerd face[EM]2nd place medal[EM],0.1,2,semineg_text,"[':nerd_face:', ':2nd_place_medal:']"
1579,critical illness,[EM]unamused face[EM]thermometer[EM],0.1,2,semineg_text,"[':unamused_face:', ':thermometer:']"
2859,dry critique,[EM]cloud with rain[EM]tractor[EM],0.1,2,semineg_text,"[':cloud_with_rain:', ':tractor:']"
1520,low bow,[EM]speaker low volume[EM]electric plug[EM],0.1,2,semineg_text,"[':speaker_low_volume:', ':electric_plug:']"
886,dirty slum,[EM]factory[EM]footprints[EM],0.1,2,semineg_text,"[':factory:', ':footprints:']"
1700,thin soup,[EM]goblin[EM]cigarette[EM],0.1,2,semineg_text,"[':goblin:', ':cigarette:']"
1307,puzzling statement,[EM]call me hand[EM]boy[EM],0.1,2,semineg_text,"[':call_me_hand:', ':boy:']"
313,bright future,[EM]bright button[EM]women’s room[EM],0.1,2,semineg_text,"[':bright_button:', ':women’s_room:']"
891,dirty slum,[EM]factory[EM]military medal[EM],0.1,2,semineg_text,"[':factory:', ':military_medal:']"
3007,delicate wing,[EM]sneezing face[EM]anxious face with sweat[EM],0.1,2,semineg_text,"[':sneezing_face:', ':anxious_face_with_sweat:']"
1992,warm coat,[EM]sparkling heart[EM]handshake[EM],0.1,2,semineg_text,"[':sparkling_heart:', ':handshake:']"
1274,ample supply,[EM]call me hand[EM]house[EM],0.1,2,semineg_text,"[':call_me_hand:', ':house:']"
3013,delicate wing,[EM]fireworks[EM]shaved ice[EM],0.1,2,semineg_text,"[':fireworks:', ':shaved_ice:']"
240,hot merchandise,[EM]hot springs[EM]oncoming fist[EM],0.1,2,semineg_text,"[':hot_springs:', ':oncoming_fist:']"
1744,thick soup,[EM]goblin[EM]fog[EM],0.1,2,semineg_text,"[':goblin:', ':fog:']"
2439,high risk,[EM]high voltage[EM]mountain[EM],0.1,2,semineg_text,"[':high_voltage:', ':mountain:']"
3012,delicate wing,[EM]fireworks[EM]handshake[EM],0.1,2,semineg_text,"[':fireworks:', ':handshake:']"
1566,low furniture,[EM]speaker low volume[EM]cloud[EM],0.1,2,semineg_text,"[':speaker_low_volume:', ':cloud:']"
1038,common man,[EM]face with thermometer[EM]sailboat[EM],0.1,2,semineg_text,"[':face_with_thermometer:', ':sailboat:']"
32,big expenditure,[EM]grinning face[EM]cityscape[EM],0.1,2,semineg_text,"[':grinning_face:', ':cityscape:']"
852,dirty job,[EM]factory[EM]military medal[EM],0.1,2,semineg_text,"[':factory:', ':military_medal:']"
640,short hair,[EM]tram[EM]pensive face[EM],0.1,2,semineg_text,"[':tram:', ':pensive_face:']"
2186,unclear action,[EM]rainbow[EM]computer disk[EM],0.1,2,semineg_text,"[':rainbow:', ':computer_disk:']"
1447,low hill,[EM]speaker low volume[EM]bow and arrow[EM],0.1,2,semineg_text,"[':speaker_low_volume:', ':bow_and_arrow:']"
2616,inadequate staff,[EM]disappointed face[EM]BACK arrow[EM],0.1,2,semineg_text,"[':disappointed_face:', ':BACK_arrow:']"
2954,foreign nation,[EM]fireworks[EM]China[EM],0.1,2,semineg_text,"[':fireworks:', ':China:']"
1446,low hill,[EM]speaker low volume[EM]office building[EM],0.1,2,semineg_text,"[':speaker_low_volume:', ':office_building:']"
1754,thick smoke,[EM]cocktail glass[EM]helicopter[EM],0.1,2,semineg_text,"[':cocktail_glass:', ':helicopter:']"
403,dark day,[EM]bright button[EM]dress[EM],0.1,2,semineg_text,"[':bright_button:', ':dress:']"
1839,wrong way,[EM]hollow red circle[EM]information[EM],0.1,2,semineg_text,"[':hollow_red_circle:', ':information:']"
2528,cool relation,[EM]disappointed face[EM]BACK arrow[EM],0.1,2,semineg_text,"[':disappointed_face:', ':BACK_arrow:']"
592,right thing,[EM]backhand index pointing right[EM]motorway[EM],0.1,2,semineg_text,"[':backhand_index_pointing_right:', ':motorway:']"
732,short story,[EM]tram car[EM]money bag[EM],0.1,2,semineg_text,"[':tram_car:', ':money_bag:']"
2965,foreign city,[EM]sneezing face[EM]anxious face with sweat[EM],0.1,2,semineg_text,"[':sneezing_face:', ':anxious_face_with_sweat:']"
2132,clear glass,[EM]rainbow[EM]computer disk[EM],0.1,2,semineg_text,"[':rainbow:', ':computer_disk:']"
1067,common brand,[EM]face with thermometer[EM]dove[EM],0.1,2,semineg_text,"[':face_with_thermometer:', ':dove:']"
2081,clear case,[EM]rainbow[EM]water buffalo[EM],0.1,2,semineg_text,"[':rainbow:', ':water_buffalo:']"
1593,critical mass,[EM]unamused face[EM],0.1,2,semineg_text,[':unamused_face:']
2783,constant pain,[EM]O button (blood type)[EM]red heart[EM],0.1,2,semineg_text,"[':O_button_(blood_type):', ':red_heart:']"
1580,critical illness,[EM]unamused face[EM],0.1,2,semineg_text,[':unamused_face:']
2353,high hope,[EM][EM],0.1,2,semineg_text,[]
3119,sound approach,[EM]speaker high volume[EM]bell[EM],0.1,2,semineg_text,"[':speaker_high_volume:', ':bell:']"
1081,heavy metal,[EM]full moon[EM]person bouncing ball[EM],0.1,2,semineg_text,"[':full_moon:', ':person_bouncing_ball:']"
65,big group,[EM]grinning face[EM]sad but relieved face[EM],0.1,2,semineg_text,"[':grinning_face:', ':sad_but_relieved_face:']"
772,far side,[EM]dashing away[EM]map of Japan[EM],0.1,2,semineg_text,"[':dashing_away:', ':map_of_Japan:']"
2702,ineffectual ruler,[EM]violin[EM]pensive face[EM],0.1,2,semineg_text,"[':violin:', ':pensive_face:']"
744,short life,[EM]tram[EM]shallow pan of food[EM],0.1,2,semineg_text,"[':tram:', ':shallow_pan_of_food:']"
917,dirty money,[EM]factory[EM]military medal[EM],0.1,2,semineg_text,"[':factory:', ':military_medal:']"
995,common nuisance,[EM]face with thermometer[EM]sailboat[EM],0.1,2,semineg_text,"[':face_with_thermometer:', ':sailboat:']"
517,right side,[EM]down-right arrow[EM]raised hand[EM],0.1,2,semineg_text,"[':down-right_arrow:', ':raised_hand:']"
1869,wrong information,[EM]hollow red circle[EM]mantelpiece clock[EM],0.1,2,semineg_text,"[':hollow_red_circle:', ':mantelpiece_clock:']"
3078,fresh lettuce,[EM]speaker high volume[EM]right arrow curving up[EM],0.1,2,semineg_text,"[':speaker_high_volume:', ':right_arrow_curving_up:']"
2077,clear case,[EM]rainbow[EM]helicopter[EM],0.1,2,semineg_text,"[':rainbow:', ':helicopter:']"
3066,fresh scent,[EM]speaker high volume[EM]wastebasket[EM],0.1,2,semineg_text,"[':speaker_high_volume:', ':wastebasket:']"
257,hot temper,[EM]hot pepper[EM]cook[EM],0.1,2,semineg_text,"[':hot_pepper:', ':cook:']"
2065,clear air,[EM]confounded face[EM]bookmark tabs[EM],0.1,2,semineg_text,"[':confounded_face:', ':bookmark_tabs:']"
2190,unclear action,[EM]rainbow[EM]water buffalo[EM],0.1,2,semineg_text,"[':rainbow:', ':water_buffalo:']"
2233,deep cut,[EM]thinking face[EM]face screaming in fear[EM],0.1,2,semineg_text,"[':thinking_face:', ':face_screaming_in_fear:']"
1460,low sun,[EM]speaker low volume[EM]cloud[EM],0.1,2,semineg_text,"[':speaker_low_volume:', ':cloud:']"
2836,dry paint,[EM]ambulance[EM]motor scooter[EM],0.1,2,semineg_text,"[':ambulance:', ':motor_scooter:']"
2044,clear indication,[EM]rainbow[EM]glass of milk[EM],0.1,2,semineg_text,"[':rainbow:', ':glass_of_milk:']"
388,dark shadow,[EM]new moon[EM]wine glass[EM],0.1,2,semineg_text,"[':new_moon:', ':wine_glass:']"
2247,deep voice,[EM]thinking face[EM]face screaming in fear[EM],0.1,2,semineg_text,"[':thinking_face:', ':face_screaming_in_fear:']"
2754,intelligent solution,[EM]dolphin[EM]exclamation question mark[EM],0.1,2,semineg_text,"[':dolphin:', ':exclamation_question_mark:']"
3143,sound advice,[EM]speaker high volume[EM]ghost[EM],0.1,2,semineg_text,"[':speaker_high_volume:', ':ghost:']"
1632,critical shortage,[EM]unamused face[EM]thermometer[EM],0.1,2,semineg_text,"[':unamused_face:', ':thermometer:']"
1207,little boy,[EM]eyes[EM],0.1,2,semineg_text,[':eyes:']
1474,low supply,[EM]speaker low volume[EM]sun[EM],0.1,2,semineg_text,"[':speaker_low_volume:', ':sun:']"
2676,domestic chore,[EM]violin[EM]pensive face[EM],0.1,2,semineg_text,"[':violin:', ':pensive_face:']"
1021,common housefly,[EM]face with thermometer[EM]person shrugging[EM],0.1,2,semineg_text,"[':face_with_thermometer:', ':person_shrugging:']"
1159,full attention,[EM]full moon[EM]pensive face[EM],0.1,2,semineg_text,"[':full_moon:', ':pensive_face:']"
2330,high forehead,[EM]high voltage[EM]mountain[EM],0.1,2,semineg_text,"[':high_voltage:', ':mountain:']"
2286,deep sleep,[EM]thinking face[EM]frowning face with open mouth[EM],0.1,2,semineg_text,"[':thinking_face:', ':frowning_face_with_open_mouth:']"
1656,immediate reply,[EM]unamused face[EM]sun behind large cloud[EM],0.1,2,semineg_text,"[':unamused_face:', ':sun_behind_large_cloud:']"
1064,common brand,[EM]face with thermometer[EM]tractor[EM],0.1,2,semineg_text,"[':face_with_thermometer:', ':tractor:']"
1341,dull mood,[EM]nerd face[EM]bouquet[EM],0.1,2,semineg_text,"[':nerd_face:', ':bouquet:']"
2370,high building,[EM]high voltage[EM]thinking face[EM],0.1,2,semineg_text,"[':high_voltage:', ':thinking_face:']"
2832,dry paint,[EM]cloud with rain[EM]tractor[EM],0.1,2,semineg_text,"[':cloud_with_rain:', ':tractor:']"
2347,high hope,[EM]high voltage[EM]office building[EM],0.1,2,semineg_text,"[':high_voltage:', ':office_building:']"
1633,critical shortage,[EM]unamused face[EM]radio button[EM],0.1,2,semineg_text,"[':unamused_face:', ':radio_button:']"
315,bright future,[EM]new moon[EM]calendar[EM],0.1,2,semineg_text,"[':new_moon:', ':calendar:']"
1539,low reservoir,[EM]speaker low volume[EM]label[EM],0.1,2,semineg_text,"[':speaker_low_volume:', ':label:']"
2215,deep sigh,[EM]thinking face[EM]microphone[EM],0.1,2,semineg_text,"[':thinking_face:', ':microphone:']"
1712,thin air,[EM]cocktail glass[EM]left-right arrow[EM],0.1,2,semineg_text,"[':cocktail_glass:', ':left-right_arrow:']"
318,bright future,[EM]new moon[EM]repeat single button[EM],0.1,2,semineg_text,"[':new_moon:', ':repeat_single_button:']"
1382,dull silver,[EM]house with garden[EM]repeat single button[EM],0.1,2,semineg_text,"[':house_with_garden:', ':repeat_single_button:']"
2997,delicate china,[EM]fireworks[EM]oncoming bus[EM],0.1,2,semineg_text,"[':fireworks:', ':oncoming_bus:']"
1343,dull mood,[EM]house with garden[EM]repeat single button[EM],0.1,2,semineg_text,"[':house_with_garden:', ':repeat_single_button:']"
798,far country,[EM]OK button[EM]people wrestling[EM],0.1,2,semineg_text,"[':OK_button:', ':people_wrestling:']"
617,short ration,[EM]aerial tramway[EM]man blond hair[EM],0.1,2,semineg_text,"[':aerial_tramway:', ':man_blond_hair:']"
1381,dull silver,[EM]nerd face[EM]glowing star[EM],0.1,2,semineg_text,"[':nerd_face:', ':glowing_star:']"
1923,warm greeting,[EM]hot springs[EM]women’s room[EM],0.1,2,semineg_text,"[':hot_springs:', ':women’s_room:']"
1697,thin soup,[EM]cocktail glass[EM]helicopter[EM],0.1,2,semineg_text,"[':cocktail_glass:', ':helicopter:']"
1783,thick fog,[EM]cocktail glass[EM]left-right arrow[EM],0.1,2,semineg_text,"[':cocktail_glass:', ':left-right_arrow:']"
121,big tipper,[EM]grinning face[EM]man[EM],0.1,2,semineg_text,"[':grinning_face:', ':man:']"
2733,intelligent question,[EM]door[EM]upside-down face[EM],0.1,2,semineg_text,"[':door:', ':upside-down_face:']"
2039,clear indication,[EM]rainbow[EM]artist palette[EM],0.1,2,semineg_text,"[':rainbow:', ':artist_palette:']"
1800,wrong paper,[EM]hollow red circle[EM]mantelpiece clock[EM],0.1,2,semineg_text,"[':hollow_red_circle:', ':mantelpiece_clock:']"
1604,critical stage,[EM]unamused face[EM]sun behind large cloud[EM],0.1,2,semineg_text,"[':unamused_face:', ':sun_behind_large_cloud:']"
3145,sound advice,[EM]speaker high volume[EM]wastebasket[EM],0.1,2,semineg_text,"[':speaker_high_volume:', ':wastebasket:']"
14,big business,[EM]grinning face[EM]cityscape[EM],0.1,2,semineg_text,"[':grinning_face:', ':cityscape:']"
2060,clear air,[EM]rainbow[EM]light bulb[EM],0.1,2,semineg_text,"[':rainbow:', ':light_bulb:']"
2756,intelligent solution,[EM]O button (blood type)[EM]red heart[EM],0.1,2,semineg_text,"[':O_button_(blood_type):', ':red_heart:']"
605,short holiday,[EM]tram car[EM]airplane[EM],0.1,2,semineg_text,"[':tram_car:', ':airplane:']"
2794,internal organ,[EM]dolphin[EM]pensive face[EM],0.1,2,semineg_text,"[':dolphin:', ':pensive_face:']"
2888,dry climate,[EM]ambulance[EM]motor scooter[EM],0.1,2,semineg_text,"[':ambulance:', ':motor_scooter:']"
941,dirty fighter,[EM]factory[EM]flexed biceps[EM],0.1,2,semineg_text,"[':factory:', ':flexed_biceps:']"
2059,clear air,[EM]rainbow[EM]computer disk[EM],0.1,2,semineg_text,"[':rainbow:', ':computer_disk:']"
2204,deep trance,[EM]thinking face[EM]person in bed[EM],0.1,2,semineg_text,"[':thinking_face:', ':person_in_bed:']"
1726,thin line,[EM]cocktail glass[EM]helicopter[EM],0.1,2,semineg_text,"[':cocktail_glass:', ':helicopter:']"
2834,dry paint,[EM]cloud with rain[EM]handshake[EM],0.1,2,semineg_text,"[':cloud_with_rain:', ':handshake:']"
680,short money,[EM]tram[EM]shallow pan of food[EM],0.1,2,semineg_text,"[':tram:', ':shallow_pan_of_food:']"
2494,high point,[EM]high voltage[EM]thermometer[EM],0.1,2,semineg_text,"[':high_voltage:', ':thermometer:']"
696,short flight,[EM]tram[EM]shallow pan of food[EM],0.1,2,semineg_text,"[':tram:', ':shallow_pan_of_food:']"
384,dark shadow,[EM]bright button[EM]sun[EM],0.1,2,semineg_text,"[':bright_button:', ':sun:']"
2345,high hope,[EM]high voltage[EM]bookmark[EM],0.1,2,semineg_text,"[':high_voltage:', ':bookmark:']"
1201,little boy,[EM]call me hand[EM]man[EM],0.1,2,semineg_text,"[':call_me_hand:', ':man:']"
136,big day,[EM]grinning face[EM]sad but relieved face[EM],0.1,2,semineg_text,"[':grinning_face:', ':sad_but_relieved_face:']"
2491,high point,[EM]high voltage[EM]folded hands[EM],0.1,2,semineg_text,"[':high_voltage:', ':folded_hands:']"
1518,low bow,[EM]speaker low volume[EM]foggy[EM],0.1,2,semineg_text,"[':speaker_low_volume:', ':foggy:']"
1715,thin air,[EM]goblin[EM]ice cream[EM],0.1,2,semineg_text,"[':goblin:', ':ice_cream:']"
2282,deep sleep,[EM]thinking face[EM]double exclamation mark[EM],0.1,2,semineg_text,"[':thinking_face:', ':double_exclamation_mark:']"
2371,high building,[EM][EM],0.1,2,semineg_text,[]
992,common nuisance,[EM]face with thermometer[EM]chains[EM],0.1,2,semineg_text,"[':face_with_thermometer:', ':chains:']"
1994,warm coat,[EM]hot springs[EM]women’s room[EM],0.1,2,semineg_text,"[':hot_springs:', ':women’s_room:']"
1379,dull silver,[EM]nerd face[EM]cityscape at dusk[EM],0.1,2,semineg_text,"[':nerd_face:', ':cityscape_at_dusk:']"
861,dirty foot,[EM]factory[EM]duck[EM],0.1,2,semineg_text,"[':factory:', ':duck:']"
1063,common brand,[EM]face with thermometer[EM]person shrugging[EM],0.1,2,semineg_text,"[':face_with_thermometer:', ':person_shrugging:']"
703,short flight,[EM]tram[EM]pensive face[EM],0.1,2,semineg_text,"[':tram:', ':pensive_face:']"
51,big voice,[EM]grinning face[EM][EM],0.1,2,semineg_text,"[':grinning_face:', '-']"
1434,cozy room,[EM]nerd face[EM]glowing star[EM],0.1,2,semineg_text,"[':nerd_face:', ':glowing_star:']"
99,big city,[EM]grinning face[EM]person in suit levitating[EM],0.1,2,semineg_text,"[':grinning_face:', ':person_in_suit_levitating:']"
1853,wrong medicine,[EM]hollow red circle[EM]information[EM],0.1,2,semineg_text,"[':hollow_red_circle:', ':information:']"
1702,thin soup,[EM]goblin[EM]fog[EM],0.1,2,semineg_text,"[':goblin:', ':fog:']"
2999,delicate china,[EM]fireworks[EM]shaved ice[EM],0.1,2,semineg_text,"[':fireworks:', ':shaved_ice:']"
875,dirty dish,[EM]factory[EM]flexed biceps[EM],0.1,2,semineg_text,"[':factory:', ':flexed_biceps:']"
1892,wrong time,[EM]hollow red circle[EM]motorway[EM],0.1,2,semineg_text,"[':hollow_red_circle:', ':motorway:']"
1113,heavy fog,[EM]full moon[EM]glass of milk[EM],0.1,2,semineg_text,"[':full_moon:', ':glass_of_milk:']"
1577,critical illness,[EM]unamused face[EM]sun behind large cloud[EM],0.1,2,semineg_text,"[':unamused_face:', ':sun_behind_large_cloud:']"
2173,clear-cut evidence,[EM]confounded face[EM]bookmark tabs[EM],0.1,2,semineg_text,"[':confounded_face:', ':bookmark_tabs:']"
2436,high risk,[EM]high-heeled shoe[EM]anxious face with sweat[EM],0.1,2,semineg_text,"[':high-heeled_shoe:', ':anxious_face_with_sweat:']"
573,right road,[EM]down-right arrow[EM]raised hand[EM],0.1,2,semineg_text,"[':down-right_arrow:', ':raised_hand:']"
2300,deep breath,[EM]thinking face[EM]person in bed[EM],0.1,2,semineg_text,"[':thinking_face:', ':person_in_bed:']"
1621,critical temperature,[EM]SOS button[EM]right arrow curving left[EM],0.1,2,semineg_text,"[':SOS_button:', ':right_arrow_curving_left:']"
1023,common housefly,[EM]face with thermometer[EM]face with head-bandage[EM],0.1,2,semineg_text,"[':face_with_thermometer:', ':face_with_head-bandage:']"
389,dark shadow,[EM]new moon[EM]information[EM],0.1,2,semineg_text,"[':new_moon:', ':information:']"
1977,warm climate,[EM]tropical fish[EM]reminder ribbon[EM],0.1,2,semineg_text,"[':tropical_fish:', ':reminder_ribbon:']"
1756,thick smoke,[EM]goblin[EM]spoon[EM],0.1,2,semineg_text,"[':goblin:', ':spoon:']"
1327,remarkable sight,[EM]call me hand[EM]house[EM],0.1,2,semineg_text,"[':call_me_hand:', ':house:']"
1435,cozy room,[EM]house with garden[EM]repeat single button[EM],0.1,2,semineg_text,"[':house_with_garden:', ':repeat_single_button:']"
1185,full life,[EM]check mark[EM]fog[EM],0.1,2,semineg_text,"[':check_mark:', ':fog:']"
2998,delicate china,[EM]fireworks[EM]handshake[EM],0.1,2,semineg_text,"[':fireworks:', ':handshake:']"
49,big voice,[EM]grinning face[EM]man[EM],0.1,2,semineg_text,"[':grinning_face:', ':man:']"
335,bright sun,[EM]new moon[EM]information[EM],0.1,2,semineg_text,"[':new_moon:', ':information:']"
3100,sound explanation,[EM]woman tipping hand[EM]bread[EM],0.1,2,semineg_text,"[':woman_tipping_hand:', ':bread:']"
1907,warm support,[EM]desert[EM]expressionless face[EM],0.1,2,semineg_text,"[':desert:', ':expressionless_face:']"
2010,warm personality,[EM]hot springs[EM]fish[EM],0.1,2,semineg_text,"[':hot_springs:', ':fish:']"
3090,fresh air,[EM]speaker high volume[EM]ghost[EM],0.1,2,semineg_text,"[':speaker_high_volume:', ':ghost:']"
460,dark corner,[EM]new moon[EM]wine glass[EM],0.1,2,semineg_text,"[':new_moon:', ':wine_glass:']"
2328,high forehead,[EM]high voltage[EM]folded hands[EM],0.1,2,semineg_text,"[':high_voltage:', ':folded_hands:']"
2040,clear indication,[EM]rainbow[EM]helicopter[EM],0.1,2,semineg_text,"[':rainbow:', ':helicopter:']"
3077,fresh lettuce,[EM]speaker high volume[EM]ghost[EM],0.1,2,semineg_text,"[':speaker_high_volume:', ':ghost:']"
2656,domestic worry,[EM]mouse face[EM]woman health worker medium-dark skin tone[EM],0.1,2,semineg_text,"[':mouse_face:', ':woman_health_worker_medium-dark_skin_tone:']"
1276,ample supply,[EM]running shirt[EM],0.1,2,semineg_text,[':running_shirt:']
442,dark undercurrent,[EM]new moon[EM]calendar[EM],0.1,2,semineg_text,"[':new_moon:', ':calendar:']"
670,short supply,[EM]tram[EM]closed book[EM],0.1,2,semineg_text,"[':tram:', ':closed_book:']"
1036,common man,[EM]face with thermometer[EM]tractor[EM],0.1,2,semineg_text,"[':face_with_thermometer:', ':tractor:']"
2734,intelligent question,[EM]door[EM]timer clock[EM],0.1,2,semineg_text,"[':door:', ':timer_clock:']"
2667,domestic happiness,[EM]water buffalo[EM]pig[EM],0.1,2,semineg_text,"[':water_buffalo:', ':pig:']"
2629,idyllic life,[EM]mouse face[EM]triangular ruler[EM],0.1,2,semineg_text,"[':mouse_face:', ':triangular_ruler:']"
1069,common brand,[EM]face with thermometer[EM]sad but relieved face[EM],0.1,2,semineg_text,"[':face_with_thermometer:', ':sad_but_relieved_face:']"
2189,unclear action,[EM]rainbow[EM]glass of milk[EM],0.1,2,semineg_text,"[':rainbow:', ':glass_of_milk:']"
998,common nuisance,[EM]face with thermometer[EM]sad but relieved face[EM],0.1,2,semineg_text,"[':face_with_thermometer:', ':sad_but_relieved_face:']"
401,dark day,[EM]bright button[EM]crystal ball[EM],0.1,2,semineg_text,"[':bright_button:', ':crystal_ball:']"
2513,cool drink,[EM]expressionless face[EM]person lifting weights[EM],0.1,2,semineg_text,"[':expressionless_face:', ':person_lifting_weights:']"
2424,high ceiling,[EM]high voltage[EM]thinking face[EM],0.1,2,semineg_text,"[':high_voltage:', ':thinking_face:']"
2531,cool relation,[EM]woman superhero medium-dark skin tone[EM]men holding hands dark skin tone medium skin tone[EM],0.05,3,randneg_text,"[':woman_superhero_medium-dark_skin_tone:', ':men_holding_hands_dark_skin_tone_medium_skin_tone:']"
1028,common housefly,[EM]kiss person person medium skin tone dark skin tone[EM]man playing handball medium-light skin tone[EM],0.05,3,randneg_text,"[':kiss_person_person_medium_skin_tone_dark_skin_tone:', ':man_playing_handball_medium-light_skin_tone:']"
765,far journey,[EM]closed mailbox with raised flag[EM]man elf dark skin tone[EM],0.05,3,randneg_text,"[':closed_mailbox_with_raised_flag:', ':man_elf_dark_skin_tone:']"
2102,clear idea,[EM]dotted line face[EM]girl medium-dark skin tone[EM],0.05,3,randneg_text,"[':dotted_line_face:', ':girl_medium-dark_skin_tone:']"
704,short flight,[EM]house with garden[EM]woman kneeling dark skin tone[EM],0.05,3,randneg_text,"[':house_with_garden:', ':woman_kneeling_dark_skin_tone:']"
1884,wrong assumption,[EM]low battery[EM]person playing water polo light skin tone[EM],0.05,3,randneg_text,"[':low_battery:', ':person_playing_water_polo_light_skin_tone:']"
446,dark undercurrent,[EM]man raising hand[EM]person wearing turban medium-light skin tone[EM],0.05,3,randneg_text,"[':man_raising_hand:', ':person_wearing_turban_medium-light_skin_tone:']"
2445,high risk,[EM]game die[EM]man guard medium skin tone[EM],0.05,3,randneg_text,"[':game_die:', ':man_guard_medium_skin_tone:']"
2373,high building,[EM]watch[EM]handshake light skin tone medium-dark skin tone[EM],0.05,3,randneg_text,"[':watch:', ':handshake_light_skin_tone_medium-dark_skin_tone:']"
1296,ample waistline,[EM]card index dividers[EM]man light skin tone curly hair[EM],0.05,3,randneg_text,"[':card_index_dividers:', ':man_light_skin_tone_curly_hair:']"
688,short money,[EM]Iran[EM]mountain[EM],0.05,3,randneg_text,"[':Iran:', ':mountain:']"
2722,ineffectual therapy,[EM]kiss man man medium skin tone dark skin tone[EM]Tanzania[EM],0.05,3,randneg_text,"[':kiss_man_man_medium_skin_tone_dark_skin_tone:', ':Tanzania:']"
801,far country,[EM]bikini[EM]woman cartwheeling medium-light skin tone[EM],0.05,3,randneg_text,"[':bikini:', ':woman_cartwheeling_medium-light_skin_tone:']"
1481,low supply,[EM]person taking bath dark skin tone[EM]man supervillain medium-light skin tone[EM],0.05,3,randneg_text,"[':person_taking_bath_dark_skin_tone:', ':man_supervillain_medium-light_skin_tone:']"
2499,high point,[EM]thumbs down dark skin tone[EM]hamsa[EM],0.05,3,randneg_text,"[':thumbs_down_dark_skin_tone:', ':hamsa:']"
752,short life,[EM]woman supervillain medium-light skin tone[EM]Venezuela[EM],0.05,3,randneg_text,"[':woman_supervillain_medium-light_skin_tone:', ':Venezuela:']"
2234,deep cut,[EM]woman in steamy room dark skin tone[EM]raised hand medium-light skin tone[EM],0.05,3,randneg_text,"[':woman_in_steamy_room_dark_skin_tone:', ':raised_hand_medium-light_skin_tone:']"
71,big group,[EM]diving mask[EM]man vampire medium-dark skin tone[EM],0.05,3,randneg_text,"[':diving_mask:', ':man_vampire_medium-dark_skin_tone:']"
1636,critical shortage,[EM]one-thirty[EM]cold face[EM],0.05,3,randneg_text,"[':one-thirty:', ':cold_face:']"
879,dirty dish,[EM]film frames[EM]sheaf of rice[EM],0.05,3,randneg_text,"[':film_frames:', ':sheaf_of_rice:']"
2030,clear complexion,[EM]woman medium-light skin tone bald[EM]oncoming fist medium skin tone[EM],0.05,3,randneg_text,"[':woman_medium-light_skin_tone_bald:', ':oncoming_fist_medium_skin_tone:']"
2891,dry climate,[EM]woman guard[EM]woman with veil light skin tone[EM],0.05,3,randneg_text,"[':woman_guard:', ':woman_with_veil_light_skin_tone:']"
2546,cool reception,[EM]person medium-dark skin tone blond hair[EM]men holding hands medium-light skin tone dark skin tone[EM],0.05,3,randneg_text,"[':person_medium-dark_skin_tone_blond_hair:', ':men_holding_hands_medium-light_skin_tone_dark_skin_tone:']"
2958,foreign nation,[EM]oncoming taxi[EM]woman in manual wheelchair medium-dark skin tone[EM],0.05,3,randneg_text,"[':oncoming_taxi:', ':woman_in_manual_wheelchair_medium-dark_skin_tone:']"
827,average merit,[EM]man rowing boat dark skin tone[EM]couple with heart man man medium-light skin tone light skin tone[EM],0.05,3,randneg_text,"[':man_rowing_boat_dark_skin_tone:', ':couple_with_heart_man_man_medium-light_skin_tone_light_skin_tone:']"
1279,ample supply,[EM]man tipping hand medium skin tone[EM]man getting massage medium-dark skin tone[EM],0.05,3,randneg_text,"[':man_tipping_hand_medium_skin_tone:', ':man_getting_massage_medium-dark_skin_tone:']"
609,short holiday,[EM]person lifting weights medium skin tone[EM]kiss person person dark skin tone medium-light skin tone[EM],0.05,3,randneg_text,"[':person_lifting_weights_medium_skin_tone:', ':kiss_person_person_dark_skin_tone_medium-light_skin_tone:']"
142,big day,[EM]copyright[EM]Japanese bargain button[EM],0.05,3,randneg_text,"[':copyright:', ':Japanese_bargain_button:']"
1703,thin soup,[EM]person in motorized wheelchair medium-dark skin tone[EM]woman medium skin tone blond hair[EM],0.05,3,randneg_text,"[':person_in_motorized_wheelchair_medium-dark_skin_tone:', ':woman_medium_skin_tone_blond_hair:']"
1436,cozy room,[EM]Scorpio[EM]NG button[EM],0.05,3,randneg_text,"[':Scorpio:', ':NG_button:']"
1332,remarkable sight,[EM]left arrow[EM]peacock[EM],0.05,3,randneg_text,"[':left_arrow:', ':peacock:']"
2839,dry paint,[EM]person golfing medium skin tone[EM]victory hand medium skin tone[EM],0.05,3,randneg_text,"[':person_golfing_medium_skin_tone:', ':victory_hand_medium_skin_tone:']"
2904,effective step,[EM]person playing handball dark skin tone[EM]Clipperton Island[EM],0.05,3,randneg_text,"[':person_playing_handball_dark_skin_tone:', ':Clipperton_Island:']"
1410,dull glow,[EM]woman zombie[EM]Angola[EM],0.05,3,randneg_text,"[':woman_zombie:', ':Angola:']"
162,hot doll,[EM]oncoming automobile[EM]military helmet[EM],0.05,3,randneg_text,"[':oncoming_automobile:', ':military_helmet:']"
262,hot temper,[EM]chart decreasing[EM]person shrugging medium-light skin tone[EM],0.05,3,randneg_text,"[':chart_decreasing:', ':person_shrugging_medium-light_skin_tone:']"
958,common procedure,[EM]couple with heart man man medium-dark skin tone dark skin tone[EM]rhinoceros[EM],0.05,3,randneg_text,"[':couple_with_heart_man_man_medium-dark_skin_tone_dark_skin_tone:', ':rhinoceros:']"
2774,constant lover,[EM]couple with heart woman woman medium skin tone medium-light skin tone[EM]farmer[EM],0.05,3,randneg_text,"[':couple_with_heart_woman_woman_medium_skin_tone_medium-light_skin_tone:', ':farmer:']"
1998,warm coat,[EM]woman vampire dark skin tone[EM]victory hand[EM],0.05,3,randneg_text,"[':woman_vampire_dark_skin_tone:', ':victory_hand:']"
338,bright sun,[EM]frowning face with open mouth[EM]man swimming medium-light skin tone[EM],0.05,3,randneg_text,"[':frowning_face_with_open_mouth:', ':man_swimming_medium-light_skin_tone:']"
2576,cool breeze,[EM]penguin[EM]teacup without handle[EM],0.05,3,randneg_text,"[':penguin:', ':teacup_without_handle:']"
1145,full auditorium,[EM]man farmer light skin tone[EM]woman with veil light skin tone[EM],0.05,3,randneg_text,"[':man_farmer_light_skin_tone:', ':woman_with_veil_light_skin_tone:']"
